timestamp,user_id,user_type,message_content
2023-10-15T14:30:00,customer123,customer,"Hello, I need help with my order #12345. I received it yesterday but one item is damaged."
2023-10-15T14:31:20,agent456,support_agent,"I'm sorry to hear that. Can you describe the damage to the item?"
2023-10-15T14:32:45,customer123,customer,"The packaging is torn and the product has scratches on the surface."
2023-10-15T14:33:30,agent456,support_agent,"Thank you for that information. I apologize for the inconvenience. Would you like a replacement or a refund for this item?"
2023-10-15T14:34:50,customer123,customer,"I'd prefer a refund please. When can I expect to receive it?"
2023-10-15T14:35:40,agent456,support_agent,"I'll process the refund right away. It should appear in your account within 3-5 business days. Is there anything else I can help you with today?"
2023-10-15T14:36:30,customer123,customer,"Will I receive an email confirmation for the refund?"
2023-10-15T14:37:15,agent456,support_agent,"Yes, you'll receive an email confirmation within the next hour. The email will include details about the refund amount and processing time."
2023-10-15T14:38:00,customer123,customer,"Great, thank you for your help!"
2023-10-15T14:38:30,agent456,support_agent,"You're welcome! If you have any other questions or concerns, please don't hesitate to contact us again. Have a great day!" 